author_id,author_name
1,José Mauro de Vasconcelos
2,nhieu tac gia
3,Trần Phách Hàm
4,Thích Nhất Hạnh
5,Thảo Trang
6,Janet Mills
7,Nguyễn Nhật Ánh
8,Minh Niệm
9,Trương Tiếu Hằng
10,Gosho Aoyama
11,Adam Grant
12,Giản Tư Trung
13,Avinash K. Dixit
14,Tống Mặc
15,Morgan Housel
16,David A. Phillips
17,Châu Sa Đáy Mắt
18,Viktor Emil Frankl
19,Paulo Coelho
20,James Clear
21,Niccolò Machiavelli
22,Michael Sandel
23,GEORGE SAMUEL CLASON
24,Ngô Đức Vượng
25,Higashino Keigo
26,Ma Nữ Sha Sha
27,Nguyên Phong
28,Robert Greene
29,Hae Min
30,Albert Rutherford
31,Lê Bảo Ngọc
32,Vãn Tình
33,Shannon Thomas
34,Mark Manson
35,Mihaly Csikszentmihalyi
36,Từ Thính Phong
37,Tuệ An
38,Napoleon Hill
39,Yuval Noah Harari
40,Momoko Sakura
41,Inamori Kazuo
42,Mai Lan Hương
43,Thich Nhất Hạnh
44,Nguyễn Thị Xuân Phượng
45,Ca Tây
46,Joseph Murphyc
47,Haruki Murakami
48,Stephen R. Covey
49,Liêu Tiểu Đao
50,Nguyễn Đoàn Minh Thư
51,TS. Chris Napier
52,Lam
53,Tim Marshall
54,Osho
55,Kuroyanagi Tetsuko
56,Kai-Fu Lee
57,Andrea Hirata
58,Simon Sinek
59,Robin Sharma
60,Antoine De Saint-Exupéry
61,Cole Nussbaumer Knaflic
62,Luis Sepulveda
63,Khaled Hosseini
64,Trần Thanh Phong
65,Vex King
66,Ayn Rand
67,Song Hong Bing
68,Lưu Hiểu Huy
69,William B.Irvine
70,Khương Nguy
71,John Gray
72,Liễu Phàm
73,Don Gabor
74,Alex Rovira
75,Peg Dawson
76,David R.Hawkins
77,Trí
78, Đỗ Trung Kiên
79,Cao Minh
80,Trần Đặng Đăng Khoa
81,Jacob Morgan
82,Brian L Weiss
83,Robert T. Kiyosaki
84,Jonah Sachs
85,Ken Honda
86,Yoo Eun Jung
87,Jeffrey Archer
88,Joe Vitale
89,Richard Nicholls
90,Delia Owens
91,Baird T Spalding
92,Phan Văn Trường
93,Seimaru Amagi
94,Gabriel Garcia Marquez
95,Ngô Sa Thạch
96,Tô Mạn
97,Joy Woodward
98,.
99,Daniel Kahneman
100,Đặng Hoàng Giang
101,Bùi Thành Việt
102,Jo Hemmings
103,Og Mandino
104,Nguyễn Trí Đoàn
105,Eric Ries
106,Roxie Nafousi
107,Duy Văn
108,Ken Mogi
109,Rosie Nguyễn
110,Kulzsc
111,Nhiều tác giả
112,Paul Kalanithi
113,Harper Lee
114,Mặc Hương Đồng Khứu
115,Dale Carnegie
116,Bạch Tô
117,Bruce D. Perry
118,Lê Thu Hà
119,Yoshichi Shimada
120,Chade-Meng Tan
121,Fukuzawa Yukichi
122,Tiến sĩ Shefali Tsabary
123,Trác Nhã
124,Diệp Hồng Vũ
125,Don Failla
126,Eckhart Tolle
127,Rio Creative
128,Thu Giang Nguyễn Duy Cần
129,David J. Liebermen
130,Diệp Tiểu Ngư
131,Albert Camus
132,Vương Đào
133,Akiyoshi Horie
134,Jeon Hong Jin
135,Cho Chang - In
136,Choi Kwanghuyn
137,Miêu Công Tử
138,Hachun Lyonnet (Hà Chũn)
139,Bảo Ninh
140,Di Li
141,Jay Papasan Gary Keller
142,William Golding
143,Steve Harvey
144,Ibuka Masaru
145,Diệp Tử
146,Tara Westover
147,Hà Vĩnh Thọ
148,Gary Chapman
149,Alan Phan
150,Universe
151,Cảnh Thiên
152,Nguyễn Dương
153,Lucy Maud Montgomery
154,Thảo Thảo
155,Grant Cardone
156,Matt Haig
157,Jessie Inchauspé
158,Benjamin Graham
159,Fujiko.F.Fujio
160,Camilo Cruz
161,Gege Akutami
162,Geshe Michael Roach
163,Bizbooks
164,Anthony William
165,Stuart Farrimond
166,Austin Kleon
167,Tôn Tần
168,Khương Lệ Bình
169,Mario Puzo
170,Huỳnh Vĩnh Sơn
171,Tony Buổi Sáng
172,Giác Minh Luật
173,Trương Học Vĩ
174,Eran Katz
175,Đoàn Giỏi
176,Jim Rohn
177,BS. Lê Thị Hải
178,Emma Hạ My
179,Tracy Hogg
180,Tạ Quốc Kế
181,Giulia Enders
182,Mauro F. Guillén
183,Sai Lei
184,Trạch Quế Vinh
185,Từ Quang Á
186,Suối Thông
187,Khailed Hosseini
188,Esther Perel
189,Rebecca Gilpin
190,Choi Kwanghyun
191,Fujiko-F-Fujio
192,Hermann Hesse
193,Michelle Moore
194,Tsutsumi Chiharu
195,Masura Emoto
196,W.Chan Kim
197,Fyodor Dostoevsky
198,Mễ Mông
199,Blake Snyder
200,Susan Forward
201,Anna Lembke
202,Donna M. Genett
203,Pomnyun
204,William J. O’Neil
205,Masato Takeuchi
206,Lê Văn Hùng
207,Francis Scott Key Fitzgerald
208, Vãn Tình
209,Nguyễn Ngọc Thuần
210,Brianna Wiest
211,Phùng Quán
212,Jacob & Wilhelm Grimm
213,Ở Đây Zui Nè
214,Clint Emerson
215,Jared Diamond
216,Phước Tuệ Từ
217,John Perkins
218,John Steinbeck
219,Daniel Goleman
220,Annie Ernaux
221,Markus Rach
222,Russ Harris
223,Nina George
224,Philip Kotler
225,Anthony Robbins
226,Dr. Joe Dispenza
227,Carole Berger
228,Louise L.Hay
229,Kevin Chen
230,J. K. Rowling
231,Nhà tâm thần học DaiGo
232,Patrick King
233,Trương Manh
234,Hans Decoz
235,Do Ki-sung
236,Zig Ziglar
237,Philippa Perry
238,Roald Dahl
239,Huyền Trang
240,An Guang-hyun
241,Sidney Sheldon
242,Nguyên Anh
243,John Boyne
244,Tô Hoài
245,Nguyễn Tuân
246,The Windy
247,"Mẹ Ong Bông, Hachun Lyonnet, Bubu Hương"
248,Kory Kogon
249,Svetlana Alexievich
250,Urako Kanamori
251,DK
252,Trần Lộ
253,Megan C Hayes
254,Jayneen Sanders
255,Frederic Laloux
256,Nguyễn Phương Nam
257,Linh Phan
258,Sherryl Sandberg
259,Yusuke Nomura
260,Hạ Mer
261,Hackers
262,Yagisawa Satoshi
263,Thục Linh
264,April Pfender
265,Ray Bradbury
266,Đặng Thúy Hà
267,Từ Viễn
268,BS. Trần Thị Huyên Thảo
269,Prentice Mulford
270,Sean Covey
271,Steve Nison
272,Gabriel Perlemuter
273,Hanazono Makoto
274,Kim Woo Choong
275,"Bessel Van Der Kolk, M.D"
276,Henry Ford
277,Rhowa Byrne
278,Tiếu Giang Nam
279,Alexandra David Neel
280,Nguyễn Anh Dũng
281,Dick Sutphen
282,Ngô Tất Tố
283,An 
284,Ryosuke Takeuchi
285,Emma Phạm
286,Tâm Bùi
287,Philip Freeman
288,Lâm Minh Chánh
289,Chan Ho-Kei
290,Nguyễn Văn Tuấn
291,Fuku Mitsu
292,Spencer Johnson
293,Tôn Tử
294,Kazuo Ishiguro
295,Tây Tử Tự
296,Galit Atlas
297,Ty Bolliger
298,Michael Duff Newton
299,Richard Holloway
300,Nhà báo Phan Đăng
301,Trang Anh
302,Tuệ Sỹ
303,Roger Bridgman
304,Sasaki Fumio
305,Ma Thế Đức
306,Michael Bunting
307,Gustave Dumoutier
308,Macmart
309,Kishimi Ichiro
310,Edmondo De Amicis
311,BS. Alice Roberts
312, Nguyễn Quốc Tuấn
313,Lucius Annaeus Seneca
314,Rhonda Byrne
315,Alicia Vu
316,Trương Nguyện Thành
317,Nguyễn Phi Vân
318,John Bowker
319,J.R.R Tolkien
320,Peter Thiel
321,Dan Ariely
322,Howard Marks
323,Chris Voss
324,Yukito Ayatsuji
325,Ernest Van De Velde
326,Thought Catalog
327,Nguyễn Trung Nghĩa
328,Quân Tử Dĩ Trạch
329,Leonard Sax
330,Rubén Villahermosa Chaves
331,Kathy Lien
332,Tịch Tông Long
333,Louise L. Hay
334,Sophie Hannah
335,Chung Ju Yung
336,Dr. Robin Stern
337,Nguyễn Phương Mai
338,Brian Tracy
339, TS. Nguyễn Như Ý
340,Dane
341,hngoc
342,Tiểu Dã
343,Thomas More
344,Malcolm Gladwell
345,Bạch Tiến Dũng
346,Hiraki Kazuo
347,Scott Young
348,Akimi Yoshida
349,Gérard Denizeau
350,Steven Schuster
351,Jenny Kiều
352,Phạm Phương Hoa
353,Wladislaw Jachtchenko
354,Uketsu
355,Machiavelli
356,Rhee Dongwoo
357,Nguyễn Hiến Lê
358,Mẹ Ong Bông
359,Đà Hoàng
360,BJ Fogg
361,Ann Swanson
362,Mark Douglas
363,Vương Huệ Linh
364,Nigel Warburton
365,Thích Nhật Từ
366,Stephen Hawking
367,Thu Giang
368,Takehiko Inoue
369,Kenji Shimizu
370,Rawdon Wyatt
371,Selma Lagerlof
372,Cal Newport
373,Xiu-ying Wei
374,Baird T. Spalding
375,Dũng Phan
376,Nhược Lạc
377,Tony Hsieh
378,Allan Dib
379,Larry Berman
380,Jane Austen
381,Lê Đình Lực
382,Jules Verne
383,Zoe McKey
384,Uy Liêm
385,Kim Oanh
386,Masaaki Yatagai
387,Philip Parker
388,Thomas Harris
389,David McRaney
390,Nguyễn Du
391,Jonas Jonasson
392,Frank Herbert
393,Robert Cecil Martin
394,Rolf Dobelli
395,Howard Schultz
396,Milton Friedman
397,Thái Phạm
398,Johanna Spyri
399,Sơn Tùng
400,Thomas Sowell
401,Robert T Kiyosaki
402,Andreas Moritz
403,Vũ Bằng
404,Phùng Thái Học
405,Trang Ps
406,Nicole Elliott
407,Daniel H.Pink
408,Francesco Cirillo
409,E Hemingway
410,Ilse Sand
411,Johann Wolfgang von Goethe
412,Tony Schwartz
413,Marcus Aurelius
414, Brian Tracy
415,Benji Davies
416,Dr. Eric Wu
417,Edward L.Deci
418,Nini (Vương Mạn Nghê)
419,Trần Văn Thọ
420,BS Ray D.Strand
421,Johann Hari
422,Ernest Hemingway
423,Giuliano Ferri
424,Ducan Banatyne
425,Luis Prats
426,Kamui Fujiwara
427,Dịch giả Bùi Thị Quỳnh Chi
428,Allan & Barbara Pease
429,Phil Town
430,Kiều Diêu
431,Akira Toriyama
432,Jack Trout
433,Hector Malot
434,Nguyễn Ngọc Tư
435,Mã Tiễn Phi
436,Aleksandra Mizielińska
437,Diana Wynne Jones
438,Thomas C. Corley
439,Leil Lowndes
440,Dan Brown
441,Alexandre Dumas
442,Luật sư Nguyễn Ngọc Bích
443,Daniel H. Pink
444,Jocelyn K.Glei
445,J.K.Rowling
446,Phạm Hằng Nguyên
447,Otani Yoshio
448,Trần Trọng Kim
449,Brian L. Weiss
450,Dương Tư Viễn
451,Ajahn Chah
452,Hayato Toto
453,Michael Patrick Larry
454,Rachel Harding
455,Michael A. Singer
456,Guru Rinpoche
457,Trần Quang Đức
458,Hiên
459,Vĩ Ngư
460,Alain de Botton
461,Agatha Christie
462,Lý Ái Linh
463,David Badre
464,Nhóm tác giả
465,Richard J. Davidson
466,Jerome David Salinger
467,Đặng Thùy Trâm
468,Dawn Maslar
469,Sara Imas
470,Nassim Nicholas Taleb
471,Hyungseok Kim
472,Oh Soo-jin
473,David J. Pollay
474,Marco Campanella
475,Shin Kyung-sook
476,Kito Aya
477,Mục Qua
478,John Koenig
479,Đặng Trần Tùng
480,Minh Dự
481,Jack Canfield & DD.Watkins
482,Robert G. Hagstrom
483,Madeline Miller
484,Khoai tây yêu tiếng Trung
485,Emily Bronte
486,Bloom
487,TS. Nguyễn Thị Minh Hồng
488,Nguyễn Huy Thiệp
489,Koga Fumitake
490,Stefanie Stahl
491,Adam Khoo
492,Vĩ Nhân
493,Lương Sảng
494,Hoàng Đạo Thúy
495,Philip A.Fisher
496,Yuichiro Ichikawa
497,David R. Hawkins
498,Shinkai Makoto
499,Jeong Myeong Suk
500,Christopher Ryan
501,Robert T. Kiyosaki – Sharon L. Lechter
502,Thi Nại Am
503,David J.Pollay
504,Cù Mai Công
505,Lưu Từ Hân
506,Phạm Lữ Ân
507,Tống Khánh Thượng
508,Hidaka Shoko
509,Niall Kishtainy
510,Mochi ở đây
511,Motofumi Fukahori
512,Mai Xuân Đạt
513,Alries
514,Mikhail Sholokhov
515,Kim Do Yoon
516,Margarita Alcantara
517,Thuỳ Dương
518,Nishi Katsuzo
519,Nguyễn Công Hoan
520,Michael Heppell
521,Harvard Business Review
522,Maria Nemeth Ph.D
523,Peter Frankopan
524,Jun Phạm (365 Band)
525, Napoleon Hill
526,Hiromi Shinya
527,Paul Krugman
528,Timothy Ferris
529,Akagishi K
530,Triệu Dung
531,Vicky Robin
532,Baek SeHee
533,Nhàn Quân 110
534,Lê Dũng
535,John Strelecky
536,Yersin
537,Yoshihiro Ikeda
538,Eva García Sáenz de Urturi
539,Masami Sasaki
540,ShurAn
541,Sadhguru
542,Neale Donald Walsch
543,Tô Anh Hà
544,Keigo Higashino
545,Jack Canfield
546,Vũ Ngọc Phan
547,Mandara Publishing Team
548,Shin Hye-young
549,Mạch Ngôn Xuyên
550,Laszlo Bock
551,Mã Hạo Thiên
552,Chin-Ning Chu
553,Arthur Conan Doyle
554,Arnold G. Nelson
555,Francesc Miralles
556,An.
557,Lily Ashwell
558,Choi Dong-yin
559,Nguyễn Thành Yến
560,Megan Logan
561,Jake Knapp
562,Chorkung
563,Raymond Murphy
564,Song Hong Binh
565,Jo Condrill
566,Diana Lea
567,Tùng Phi Tùng
568,Nguyễn Văn Nam
569,GS. Hoàng Phê
570,Michio Kaku
571,Mộc Qua Hoàng
572,David Parmenter
573,Edward O. Thorp
574,Ethan Kross
575,Minna no Nihongo
576,Geraldine Dawson
577,Cha Hyun Jin
578,Hải Yến
579,Jenny Wren
580,Larry King - Bill Gilbert
581,Butch Bellah
582,Walter Isaacson
583,Chi Nguyễn – The Present Writer
584,Aida Iro
585,Will Durant
586,MJ DeMarco
587,Stephen M. R. Covey
588,Janet Lowe
589,Vladimir Nabokov
590,Ryan Holiday
591,Madsen Pirie
592,Lalah Delia
593,Dr.Hiro
594,Vũ Thị Lê Vy
595,Koyoharu Gotouge
596,Toan Ánh
597,Jean - Jacques Rousseau
598,Paul R Niven
599,Đào Duy Anh
600,Freida McFadden
601,Meg Jay
602,Daniel J. Siegel
603,James Hoffmann
604,Judy Robinett
605,Matthew J. Van Natta
606,Lý Tử Quyên
607, Đại Học Ngôn Ngữ Bắc Kinh
608,Christy Lefteri
609,Kelly Richmond Pope
610,Zion Kabasawa
611,Pamela Bradley
612,Yann Martel
613,Yoshihito Wakamatsu
614,Ivan Turgenev
615,Nhiều Tác Giả
616,Astrid Lindgren
617,Vaclav Smil
618,Nguyễn Thi
619,  Agatha Christie
620,Hồ Lô Xanh
621,Scott Todnem
622,T.J.Klune
623,James Rickards
624,Thương Thái Vi
625,Yasuhisa Hara
626,Charles Whitfield
627,Frances Hodgson Burnett
628,Megumi Morino
629,Edwin Lefevre
630,TS. David J. Lieberman
631,William O'Neil
632,Kim Hyun Min
633,Peter F.Drucker
634,Bruce Goldberg
635,Jutta Langreuter
636,Natsu Hyuuga
637,Trâu Hoành Minh
638,Dr Tara Swart
639,Thạch Lam
640,Dubu (Redice Studio)
641,BS Ngô Đức Hùng
642,Rachel Firth
643, Song Hong Bing
644,Carolyn Boroden
645,Ma Y Đạo
646,Trung tâm Sáng tạo Thiếu nhi Mộc Đầu Nhân
647,Keiko Kigure
648,Marc Beckman
649,Insook Nam
650,Stacey Riches
651,Xuân Thảo
652,T.Harv Eker
653,Peter H. Reynolds
654,Tạ Minh Tuấn
655,Bố Lãng Ni
656,Nguyễn Ngọc Ký
657,Bát Nhã
658,Terry Hershey
659,Chu Xung
660,Lão Tử
661,Karen Berman
662,Múc
663,Jeong Seon-yong
664,Dale Breckenridge Carnegie
665,Richard Koch
666,David Walliams
667,Diệp Lạc Vô Tâm
668,Nir Eyal
669,Susan Cain
670,Deepak Chopra
671,Tạ Ngọc Ái
672,Rachel Pollack
673,Oxford
674,Minh Mẫn - Du Phong
675,Robert Maurer
676,Hans Christian Andersen
677,La Quán Trung
678,Shimizu Yu
679,Ron Chernow
680,Paul T.Mason
681,John Rawls
682,Dawn Fotopulos
683,Victor Hugo
684,Erika Takeuchi
685,Tiến sĩ Seth J. Gillihan
686,J.C.Baurac
687,Shiratori Haruhiko
688,Bùi Thế Phương
689,Jang Hae-Joo
690,Whitney Johnson
691,Jean-Jacques Rousseau
692,J.D. Barker
693,Jean-Noel Kapferer
694,Jojo Moyes
695,Caroline Nixon
696,Cecilia Minden
697,Đào Xuân Khương
698,Nguyễn Đình Đầu
699,Maurice Sendak
700,Phạm Văn Bình
701,Miyabe Miyuki
702,Carl Gustav Jung
703,Mei Hachimoku
704,Lee Miye
705,Junjiro Takakusu
706,Harriet Beecher Stowe
707,Soubee Amako
708,David Eagleman
709,Richard H. Thaler
710,Lâu Vũ Tình
711,Hoa Dương
712,Trịnh Minh Thảo
713,Tống Phi
714,Florence Scovel Shinn
715,R.J.Palacio
716,Marie Tourell Söderberg
717,Phùng Kí Tài
718,Thanh Anh
719,Vietnam Centre
720,Masaru Emoto
721,Linnea Dunne
722,Steven D. Levitt
723,Lee Cockerell
724,Eiichiro Oda
725,Tony Saldanha
726,Anne Robinson
727,Ma Vĩ
728,Robert Munsch
729,Jim Trelease
730,Paul Mladjenovic
731,Adam J. Bock
732,Milton Osborne
733,Khương Chi Ngư
734,Lưu Hồi
735,Sái Tất Quý
736,Kim So Na
737,Nguyễn Duy Cần
738,Ken Blanchard
739,Clamp
740,Thẩm Ninh
741,BS. Lê Ngọc Anh Thy
742,Mạc Thần Hoan
743,Abigail Baird
744,Barbara Oakley - Ph. D.
745,Jordan B. Peterson
746,Pornpen Lertchaipattanakul
747,Bùi Quốc Châu
748,Henryk Sienkiewicz
749,Els Van Geyte
750,Melanie Swan
751,Lý Nhân Phan Thứ Lang
752,Đại Lợi
753,Nia Gould
754,Natsu Ashifune
755,James Comey
756,Lê Quý Ngưu
757,Karen Casey
758,Sarah Rebar
759,Madeline Martin
760,Quỳnh Cư
761,Khotudien
762,Edogawa Ranpo
763,Linh – Minh Mẫn
764,Phan Bảo Long
765,Tiểu Mạch Đông Thái
766,Mihiro Matsuda
767,Đại Bông
768,George Charles Selden
769,Ngô Di Lân
770,Lama Anagarika Govinda
771,Elizabeth Gilbert
772,Edward de Bono
773,Dawson Church
774,Dẫn Lộ Tinh
775,Hong Dinh
776,Trần Xuân Nam (Maastricht MBA)
777,Hứa Chân Quân
778,Baird T.Spalding
779,Bernard M. Bass
780,Joseph L. Badaracco
781,John Warrillow
782,Hoàng Thị Ngọc Tú
783,Seong Oh Kim
784,Linda Sue Park
785,J.K. Rowling
786,Yến Nhi
787,Anuschka Rees
788,Michael Greger
789,Toon Tellegen
790,Ken Watanabe
791,Walter Dill Scott
792,Vũ Thu Phương
793,Gari
794,Mặc Phi Bảo Phi
795,jared diamond
796,Thibaut Meurisse
797,Cam (Write to death)
798,Sun Ke Liu
799,Mai Ly - Kim Tuyến - Quang Khải - Vĩnh Thắng - An Vy
800,Miles Kelly
801,Link Phượng
802,Craig Nathanson
803,1980Edu
804,Shawn D. Moon
805,Rachel Bertsche
806,Hà Minh Hồng
807,Nathan Furr
808,Tom Standage
809,A Crazy Mind team
810,ONO Eriko
811,Cambridge
812,Vikas Swarup
813,John Bradshaw
814,Charles Duhigg
815,Bruce Bryans
816,Fanpage Thần với chả Thoại
817,Châu Hải Đường
818,Dương Thị Quỳnh Châu
819,Linh Lan
820,David Bach
821,Nguyễn Thùy Dung
822,Watanabe Dzunichi
823,Carol S. Dweck
824,Phil Knight
825,H. Stephen Glenn
826,Nikolai A.Ostrovsky
827,Daniel Levitin
828,Hán Trúc
829,KEVIN PAUL
830,Từ Bình
831,Kisetsu Morita
832,Phạm Công Tâm
833,Rashmi Sirdeshpande
834,Yeounhee Lee
835,Trương Hải Hà
836,Mo Willems
837,Christina Latham-Koenig
838,Lê Văn Chương
839,Holly Hurd
840,Ngọc Khánh
841,Nguyễn Thị Thu Huế
842,Mike Michalowicz
843,Peter F. Drucker
844,Nguyễn Thái Long
845,Nhóm tác giả Holee
846,Tiểu Vi Thanh
847,Văn Nhạc
848,DR Philippa Kaye
849,Trần Trường Minh
850,Brendan Kane
851,Tư Mã Quang
852,Nguyễn Thị Thu Hương
853,J. D. Salinger
854,Thạch Sơn Thủy
855,Hoàng Hải Vân
856,Lê Quýnh
857,Rod Campbell
858,Hoàng Duy Tân
859,Thiệu Vĩ Hoa
860,Fiona Watt
861,Sharon Bolton
862,Damon Zahariades
863,Phan Minh Đạo
864,Sonja Lyubomirsky
865, Cloud Pillow
866,Quách tỉnh
867,John P. Kotter
868,Chu Vĩnh Tân
869,Yun Naru
870,Doo Vandenis
871,Hùng Thái Hành
872,Ito Mika
873,Richards
874,Suzuki Mio
875,Dr. James R. Doty
876,Lý Thế Cường
877, Ajahn Brahm
878,Ikegami Akira
879,Patty McCord
880,Josephine Lin
881, Thích Nhất Hạnh
882,Carol Garhart Mooney
883,Hà Mạt Bì
884,Park Han-seul
885,Phạm Ngọc Anh
886,Thomas L. Friedman
887,John Stuart Mill
888,Donald Robertson
889,Eddie Reynolds
890,Nikola Tesla
891,Dan Senor
892,Craig Christensen
893,Mai Thanh Hạ
894,Nguyễn Văn Ngọc
895,Minato Kanae
896,TJ Klune
897,Émile Coué
898,Mộc Hề Nương
899,Lê Thành Khôi
900,Đường Tửu Khanh
901,Bạch Lạc Mai
902,Pierre Pasquier
903,Nguyễn Tất Kiểm
904,Lê Rin
905,Christopher Leonard
906,Eric Berne
907,BS Trần Thị Huyên Thảo
908,REED HASTINGS
909,Thích Minh Châu
910,Mark Kurlansky
911,William B. Irvine
912,Pascale Bouchié
913,Rann
914,Matthew Pollard
915,George Ohsawa
916,Yamamoto Hideyuki
917,Nguyễn Vân Nam
918,Haruichi Furudate
919,Yongchul Kwon
920,Paul Kennedy
921,Colleen Mccullough
922,Erle Stanley Gardner
923,Nguyễn Tấn Siêng
924,John C. Maxwell
925,TADA Project
926,David R. Hawkins MD
927,E.B.White
928,Robert Schwartz
929,Michael E Gerber
930,Gil Morales
931, TS Nguyễn Thanh Mỹ
932,ChungBe Studios
933,Jim Collins
934,Jesse Livermore
935,Arc Academy
936,Linh mục Nguyễn Thế Thuấn
937,J. M. Roberts
938,An
939,Don Miguel Ruiz
940,E.H. Gombrich
941,Kim Ngọc
942,Vasily Semyonovich Grossman
943,Dương Yến Nhi (#accnhi)
944,Nguyễn Thành Huân
945,Kinh Kiến
946,Nguyễn Hoàng Anh
947,Nguyên Hồng
948,Lý Tân
949,Andrew Aziz
950,Richard Smitten
951,Benedict Carey
952,Trần Thị Huyên Thảo
953,Jeff Kinney
954,Rasmus Hougaard
955,Lu
956,Thiều Chửu
957,Takuji Ishikawa
958,Robert Winston
959,Ann Handley
960,John Doerr
961,Steven Pinker
962,Vương Ứng Lân
963,Marty Cagan
964,Jocko Willink
965,Đức Đạt-Lai Lạt-Ma
966,Dương Hương
967,Bùi Minh Sơn
968,Kawabata Yasunari
969,Hạ Đạt
970,Donald J.Trump & Tony Schwartz
971,DANIEL YERGIN
972,Hà Chũn
973,Irving Stone
974,Zhang Juan
975,Walter Macken
976,Nguyễn Quang Vinh
977,Karen Haller
978,David Richo
979,Nicolas Darvas
980,Walter Andal
981,Donald Miller
982,Charles F Haanel
983,RIO BOOK
984,Robert Wright
985,Acccototo
986,Bubu Huong
987,Anne Cheng
988,Andrew Matthews
989,Claire Bridges
990,Liz Marvin
991,George Ivanoff
992,Tatsuya Endo
993,Richard Wiseman
994,Mohnish Pabrai
995,Bom-ssok
996,Darshani Deane
997,Neil Gaiman
998,Heather Morris
999, Bùi Việt Hà
1000,Annie Duke
1001,Yaniv Zaid
1002,Mark Twain
1003,Hòa Nhân
1004,James Redfield
1005,Ingrid Zhang
1006,Gregg Thompson
1007,Vũ Trọng Phụng
1008,Yang Chang Soon
1009,Otsuichi
1010,Yuu Morikawa
1011,Tống Ngọc
1012,Richard Shepherd
1013,Ngô Thừa Ân
1014,Mai Tử
1015,J.Krishnamurti
1016,Marci Shimoff
1017,Michael A.Singer
1018,Kỵ Kình Nam Khứ
1019,Herman Aihara
1020,Thành Yến
1021,Umi Sakurai
1022,Eric Barker
1023,OJT Solutions
1024,Fritjof Capra
1025,Aloha Tuấn
1026,Greg Dinkin
1027,Bích Phương
1028,Marie Kondo
1029,Quỳnh Sourdough
1030,Quang Nino
1031,Som Sujeera
1032,Yuman
1033,Robert James Waller
1034,Như Nhiên Thích Tánh Tuệ
1035,Natsukawa Sosuke
1036,Daisuke Ashihara
1037,Umberto Eco
1038,Pema Chodron
1039,Carl R. Rogers
1040,Akira Kugaya
1041,Vasant Lad
1042,Lê Mạnh Thát
1043,Ming Shi
1044,Kim Wonsik
1045,Lưu Liễm Tử
1046,Dật Danh
1047,Nhiều Tác Giả 
1048,McGraw-Hill
1049,Humphrey B. Neill
1050,Gustave Le Bon
1051,Allan Pease
1052,Mai Tường Vân
1053,Hajime Nishio
1054,Jammes G Zumwalt
1055,Lư Lạp Lạp
1056,Trương Uý
1057,Tủ Sách Chữa Lành
1058,Tớ là Mây
1059,Trúc Dĩ
1060,Paul Giran
1061,Lương Siêu
1062,Simone Griffin
1063,Katsusuke Serizawa
1064,Victoria Boutenko
1065,B R O group
1066,Aldous Huxley
1067,Yongey Mingyur Rinpoche
1068,Thái An
1069,Satomi Myodo
1070,FUSUSU
1071,Claude M. Bristol
1072, Nathalie Choux
1073,Paramahansan Yogananda
1074,Matthew Wride
1075,Katsuhisa Kinoshita
1076,Trần Đình Tuấn
1077,Nguyễn Văn Dân
1078,Voltaire
1079,Richard Powers
1080,John Green
1081,Fredrik Backman
1082,MA
1083,Barbara Oakley
1084,Amy Huang
1085,Đỗ Minh Triết
1086,Mèo Maverick
1087,Neil Postman
1088,Manhardeep Singh
1089,John C.Maxwell
