seller_id,seller_name
1,Tiki Trading
148,SDstationery
469,Tạp Chí Pi
2953,GIVER BOOKS & MEDIA
52987,Tổ chức Giáo dục sức khỏe Wellbeing
9988,AHABOOKS
7446,HappyLive
143529,MaiHaBooks
130150,Mibooks
193310,Quà tặng Doanh nhân
127920,1980 BOOKS HCM
108905,Edmicro
185035,1980Books Official
35488,Aquaria
17480,Ghế Nam Việt
116189,Chinh Phục Hạnh Phúc
53660,Nhà sách Fahasa
267978,RIN
10684,Sbooks
327437,BS Đỗ Trung Kiên
275367,TRÙM SÁCH
284993,Mik Book - Sách Hạnh Phúc
170925,Dtpbooks
125318,Lucy Lucy shop
190089,Mộc Nhiên Kids Store
255104,BizbooksJSC
80944,Lalunavn Store
208140,Hiệu sách Gen books
10512,Nước yến sào win'sNest
324959,RIObook Store
270397,Dum Bum Store
223928,BÌNH BÁN BOOK
281062,Bamboo Books
336065,Nhà Sách Đậu Ngọt
109746,VinBuy
285428,MCBooks Sài Gòn
7734,NHBook
146747,Noli Handmade
44,Nhân Văn
83592,NVP
76045,New Sky Shop 18
97441,Luckky Shop
1674,Unica
12954,MCBooks
208994,Changsbook
124753,Hiệu Sách Tự Do
197,VIETNAMBOOK
260511,MCBooks Hạnh Phúc
10914,trungthanh2018
141792,Shop Mạnh Tiến
3644,Hoành Gia store
34429,NewShop Official
65784,Thư quán Hương Tích
17856,bamarau official
10872,Spiderum Store
7247,Alpha Books Official
8163,Party Vui
73105,PACE Books
25557,Saigon Books Official
277908,The Present Writer
158862,Art H Store
342633,Quán Sách Socha
49701,Tâm Trí Lực
256905,Vua Hình Dán
344082,Nhã Nam Official
68619,FinFin
34,Khai Tuệ
275606,SÁCH TRÍ TUỆ
10039,Nhà sách Nam Trung Yên
333663,PalAcademy
236830,Quỹ Trò Nghèo Vùng Cao
113115,Deli Official Store
272268,Gooda Official
1308,Tazano Official Store
111899,Sống Official
127989,Times Books
156095,HaAnBooks
134154,Moonuji
140258,vpp chợ lớn
1820,Sách Hà Nội
101957,THAIHABOOKS
2374,Lyly Craft
256173,Thiện Ngôn Book
295340,Nhà sách Mochibooks
2918,First News
176907,Tạp chí Forbes
169148,Zenbooks Official 
116922,TUANVIET BOOKS Official Store
302309,Đào Tạo Tin Học
2987,Tiệc Xinh
21959,GREPACO
41074,Nền Tảng Thành Công
60843,PLM Trading
258745,Pentel Official
130137,Anh Ngữ VIVIAN
47290,DIMI Books
36846,Minh Long Book
336096,Tiệm sách Úp Cheng
327938,BOOK SAI GON
9006,Havamall
229927,Đông A Books Official
181817,MONNO Fashion
64561,Thiên Long Official Store
661,HỰU TÂM SHOP
175953,Skybooks Official Store
338021,VinhPhat Store
206347,Văn phòng phẩm Nam Sơn
119930,Nhà Xuất Bản Kim Đồng
286446,seller_name
47548,Nhà sách Chi An
102529,WOWWEEKEND
320959,CửaKhẩu24TV
15229,SquareBag
57222,Anbert Manga Shop
5578,SCC Group
175064,BookshopMoon
184104,LMS ACADEMY
26874,Phương Đông Books
37,Nhà Sách Lao Động
159503,Cùng Hạnh Phúc Books
48129,Flashcard trắng chuyên sỉ lẻ
281924,QNshop nguyên liệu Handmade
10560,Nhà Sách Pháp Luật
1595,SAVINA
48511,khangvietbook
272162,Sách TKBooks 
154137,Cầu Vồng Store
5697,Huy Tưởng Tphcm
8858,Đất Sét Nhật Thái
6074,Cty Sách Bảo Trang
27525,Diệp Linh
1032,Sách Khai Tâm
308571,ATP Book
6806,LEMEDIA
116426,Phúc Minh Books
177420,Giáo Dục Trí Việt
188779,Sáng Tạo Trẻ
1686,TAKI
127914,HAPPY BABY BOOKS
41568,AN HOA BOOK
223129,Money Studio
192558,Thư Quán Hạnh Phúc
109134,Đinh Tị Books Official
161219,Nhà Sách Trẻ Online
128392,trituepk
334490,Tiệm Sách Thật
181979,Sách Hà Giang
346527,Sáng Tạo Trẻ 79
298980,Dĩ Hòa Vi Quý
243183,Korichi Official
670,Cá Chép Bookstore
341647,Akasha Books
21989,Nhà sách Bảo Hưng
6034,TÍN NGHĨA
6350,WooBoBooks
126889,Sách lập trình
263994,Taurus 1987 Books
298452,Aloha Tuấn
20367,VI TÍNH NAM TRUNG HẢI
136116,SỐNG ĐẸP SHOP
181610,PHƯƠNG NAM BOOK
188607,TUIDEPQUA
137387,Giải mã siêu trí nhớ
133020,Thiết bị y tế Gia Đình HME
171422,Van phong pham NBK
10984,Minhhabooks
3044,Nhà Sách Nam Anh
308369,Quả cầu học sinh
178049,Bùi Thị Anh
242170,Uniistore Stationery
17790,Vinacraft
107273,VPP hiếu nghĩa
5822,Shop Mrhi
208359,Văn phòng phẩm AO
